{
  "num_of_products": 0.2798149585723877,
  "is_active_member": 0.19672828912734985,
  "age": 0.12592896819114685,
  "geography_germany": 0.11216150224208832,
  "tenure": 0.07362300157546997,
  "gender_male": 0.07128657400608063,
  "balance": 0.04420929402112961,
  "geography_spain": 0.028910601511597633,
  "estimated_salary": 0.023178040981292725,
  "has_cr_card": 0.022357450798153877,
  "credit_score": 0.021801328286528587
}